date,item_code
2025-06-01 00:00:00,7720
2025-06-01 00:00:00,7357
2025-06-01 00:00:00,18552
2025-06-01 00:00:00,2479
2025-06-01 00:00:00,10628
2025-06-01 00:00:00,3800
2025-06-01 00:00:00,1789
2025-06-01 00:00:00,649
2025-06-01 00:00:00,9599
2025-06-01 00:00:00,1608
2025-06-01 00:00:00,1884
2025-06-01 00:00:00,9498
2025-06-01 00:00:00,1092
2025-06-01 00:00:00,8153
2025-06-01 00:00:00,1284
2025-06-01 00:00:00,7968
2025-06-01 00:00:00,6181
2025-06-01 00:00:00,19244
2025-06-01 00:00:00,422
2025-06-01 00:00:00,17654
2025-06-01 00:00:00,21801
2025-06-01 00:00:00,4135
2025-06-01 00:00:00,29332
2025-06-01 00:00:00,2067
2025-06-01 00:00:00,7960
2025-06-01 00:00:00,5235
2025-06-01 00:00:00,2534
2025-06-01 00:00:00,17375
2025-06-01 00:00:00,11126
2025-06-01 00:00:00,8906
2025-06-01 00:00:00,1261
2025-06-01 00:00:00,2223
2025-06-01 00:00:00,7945
2025-06-01 00:00:00,4222
2025-06-01 00:00:00,773
2025-06-01 00:00:00,2948
2025-06-01 00:00:00,8610
2025-06-01 00:00:00,5578
2025-06-01 00:00:00,655
2025-06-01 00:00:00,1852
2025-06-01 00:00:00,79
2025-06-01 00:00:00,2787
2025-06-01 00:00:00,13533
2025-06-01 00:00:00,18227
2025-06-01 00:00:00,27535
2025-06-01 00:00:00,7895
2025-06-01 00:00:00,20679
2025-06-01 00:00:00,7734
2025-06-01 00:00:00,720
2025-06-01 00:00:00,1333
2025-06-01 00:00:00,407
2025-06-01 00:00:00,14731
2025-06-01 00:00:00,19114
2025-06-01 00:00:00,20604
2025-06-01 00:00:00,5279
2025-06-01 00:00:00,289
2025-06-01 00:00:00,2498
2025-06-01 00:00:00,360
2025-06-01 00:00:00,614
2025-06-01 00:00:00,19797
2025-06-01 00:00:00,7907
2025-06-01 00:00:00,64
2025-06-01 00:00:00,6703
2025-06-01 00:00:00,17698
2025-06-01 00:00:00,17588
2025-06-01 00:00:00,7339
2025-06-01 00:00:00,6960
2025-06-01 00:00:00,17673
2025-06-01 00:00:00,1880
2025-06-01 00:00:00,19165
2025-06-01 00:00:00,2416
2025-06-01 00:00:00,8250
2025-06-01 00:00:00,19608
2025-06-01 00:00:00,3630
2025-06-01 00:00:00,21910
2025-06-01 00:00:00,14913
2025-06-01 00:00:00,5806
2025-06-01 00:00:00,8356
2025-06-01 00:00:00,2018
2025-06-01 00:00:00,8673
2025-06-01 00:00:00,7834
2025-06-01 00:00:00,27488
2025-06-01 00:00:00,10765
2025-06-01 00:00:00,815
2025-06-01 00:00:00,5353
2025-06-01 00:00:00,8804
2025-06-01 00:00:00,13634
2025-06-01 00:00:00,4509
2025-06-01 00:00:00,5404
2025-06-01 00:00:00,14085
2025-06-01 00:00:00,2859
2025-06-01 00:00:00,5910
2025-06-01 00:00:00,18959
2025-06-01 00:00:00,8567
2025-06-01 00:00:00,9047
2025-06-01 00:00:00,19613
2025-06-01 00:00:00,1160
2025-06-01 00:00:00,2384
2025-06-01 00:00:00,2069
2025-06-01 00:00:00,14913
2025-06-01 00:00:00,11080
2025-06-01 00:00:00,18464
2025-06-01 00:00:00,1588
2025-06-01 00:00:00,9335
2025-06-01 00:00:00,4826
2025-06-01 00:00:00,2796
2025-06-01 00:00:00,3669
2025-06-01 00:00:00,28895
2025-06-01 00:00:00,2535
2025-06-01 00:00:00,14146
2025-06-01 00:00:00,5278
2025-06-01 00:00:00,3748
2025-06-01 00:00:00,1483
2025-06-01 00:00:00,2004
2025-06-01 00:00:00,17324
2025-06-01 00:00:00,9733
2025-06-01 00:00:00,2962
2025-06-01 00:00:00,4761
2025-06-01 00:00:00,11129
2025-06-01 00:00:00,5990
2025-06-01 00:00:00,9256
2025-06-01 00:00:00,11894
2025-06-01 00:00:00,18282
2025-06-01 00:00:00,7830
2025-06-01 00:00:00,8268
2025-06-01 00:00:00,5035
2025-06-01 00:00:00,4533
2025-06-01 00:00:00,4177
2025-06-01 00:00:00,2420
2025-06-01 00:00:00,5048
2025-06-01 00:00:00,11789
2025-06-01 00:00:00,6982
2025-06-01 00:00:00,5018
2025-06-01 00:00:00,1615
2025-06-01 00:00:00,5786
2025-06-01 00:00:00,1368
2025-06-01 00:00:00,3626
2025-06-01 00:00:00,3108
2025-06-01 00:00:00,974
2025-06-01 00:00:00,7735
2025-06-01 00:00:00,9362
2025-06-01 00:00:00,2649
2025-06-01 00:00:00,8768
2025-06-01 00:00:00,17617
2025-06-01 00:00:00,4943
2025-06-01 00:00:00,14746
2025-06-01 00:00:00,1431
2025-06-01 00:00:00,8345
2025-06-01 00:00:00,12395
2025-06-01 00:00:00,1583
2025-06-01 00:00:00,4961
2025-06-01 00:00:00,4586
2025-06-01 00:00:00,1695
2025-06-01 00:00:00,15007
2025-06-01 00:00:00,6203
2025-06-01 00:00:00,5355
2025-06-01 00:00:00,6909
2025-06-01 00:00:00,11458
2025-06-01 00:00:00,3762
2025-06-01 00:00:00,11049
2025-06-01 00:00:00,14992
2025-06-01 00:00:00,6914
2025-06-01 00:00:00,8116
2025-06-01 00:00:00,19898
2025-06-01 00:00:00,4364
2025-06-01 00:00:00,7448
2025-06-01 00:00:00,1445
2025-06-01 00:00:00,7279
2025-06-01 00:00:00,11143
2025-06-01 00:00:00,3124
2025-06-01 00:00:00,1231
2025-06-01 00:00:00,4429
2025-06-01 00:00:00,3310
2025-06-01 00:00:00,4268
2025-06-01 00:00:00,1417
2025-06-01 00:00:00,2493
2025-06-01 00:00:00,1833
2025-06-01 00:00:00,19833
2025-06-01 00:00:00,2051
2025-06-01 00:00:00,5237
2025-06-01 00:00:00,7853
2025-06-01 00:00:00,9913
2025-06-01 00:00:00,20549
2025-06-01 00:00:00,14103
2025-06-01 00:00:00,2423
2025-06-01 00:00:00,28895
2025-06-01 00:00:00,6530
2025-06-01 00:00:00,522
2025-06-01 00:00:00,962
2025-06-01 00:00:00,10981
2025-06-01 00:00:00,9585
2025-06-01 00:00:00,3501
2025-06-01 00:00:00,5817
2025-06-01 00:00:00,958
2025-06-01 00:00:00,2493
2025-06-01 00:00:00,7475
2025-06-01 00:00:00,1426
2025-06-01 00:00:00,4438
2025-06-01 00:00:00,1042
2025-06-01 00:00:00,2206
2025-06-01 00:00:00,2063
2025-06-01 00:00:00,8762
2025-06-01 00:00:00,564
2025-06-01 00:00:00,1267
2025-06-01 00:00:00,2585
2025-06-01 00:00:00,90
2025-06-01 00:00:00,1217
2025-06-01 00:00:00,1711
2025-06-01 00:00:00,4598
2025-06-01 00:00:00,5910
2025-06-01 00:00:00,9668
2025-06-01 00:00:00,4486
2025-06-01 00:00:00,630
2025-06-01 00:00:00,3269
2025-06-01 00:00:00,9689
2025-06-01 00:00:00,13975
2025-06-01 00:00:00,905
2025-06-01 00:00:00,4263
2025-06-01 00:00:00,4455
2025-06-01 00:00:00,2292
2025-06-01 00:00:00,8480
2025-06-01 00:00:00,5342
2025-06-01 00:00:00,4237
2025-06-01 00:00:00,8739
2025-06-01 00:00:00,12331
2025-06-01 00:00:00,6542
2025-06-01 00:00:00,3699
2025-06-01 00:00:00,1234
2025-06-01 00:00:00,1215
2025-06-01 00:00:00,17666
2025-06-01 00:00:00,6411
2025-06-01 00:00:00,9101
2025-06-01 00:00:00,945
2025-06-01 00:00:00,12969
2025-06-01 00:00:00,8056
2025-06-01 00:00:00,2527
2025-06-01 00:00:00,10937
2025-06-01 00:00:00,527
2025-06-01 00:00:00,18411
2025-06-01 00:00:00,3617
2025-06-01 00:00:00,6150
2025-06-01 00:00:00,1249
2025-06-01 00:00:00,636
2025-06-01 00:00:00,18013
2025-06-01 00:00:00,11993
2025-06-01 00:00:00,3380
2025-06-01 00:00:00,6211
2025-06-01 00:00:00,1914
2025-06-01 00:00:00,17654
2025-06-01 00:00:00,29310
2025-06-01 00:00:00,12455
2025-06-01 00:00:00,64
2025-06-01 00:00:00,27391
2025-06-01 00:00:00,29267
2025-06-01 00:00:00,20830
2025-06-01 00:00:00,13556
2025-06-01 00:00:00,2325
2025-06-01 00:00:00,7087
2025-06-01 00:00:00,28773
2025-06-01 00:00:00,5163
2025-06-01 00:00:00,3402
2025-06-01 00:00:00,3493
2025-06-01 00:00:00,11081
2025-06-01 00:00:00,3758
2025-06-01 00:00:00,5155
2025-06-01 00:00:00,7880
2025-06-01 00:00:00,9951
2025-06-01 00:00:00,19820
2025-06-01 00:00:00,19936
2025-06-01 00:00:00,4432
2025-06-01 00:00:00,10862
2025-06-01 00:00:00,1850
2025-06-01 00:00:00,433
2025-06-01 00:00:00,2353
2025-06-01 00:00:00,29349
2025-06-01 00:00:00,1152
2025-06-01 00:00:00,27293
2025-06-01 00:00:00,957
2025-06-01 00:00:00,1756
2025-06-01 00:00:00,5590
2025-06-01 00:00:00,12411
2025-06-01 00:00:00,5999
2025-06-01 00:00:00,485
2025-06-01 01:00:00,2778
2025-06-01 01:00:00,27094
2025-06-01 01:00:00,5853
2025-06-01 01:00:00,11750
2025-06-01 01:00:00,2917
2025-06-01 01:00:00,963
2025-06-01 01:00:00,4225
2025-06-01 01:00:00,2760
2025-06-01 01:00:00,3955
2025-06-01 01:00:00,1567
2025-06-01 01:00:00,5029
2025-06-01 01:00:00,27044
2025-06-01 01:00:00,5259
2025-06-01 01:00:00,1284
2025-06-01 01:00:00,962
2025-06-01 01:00:00,27405
2025-06-01 01:00:00,1844
2025-06-01 01:00:00,10088
2025-06-01 01:00:00,4436
2025-06-01 01:00:00,4042
2025-06-01 01:00:00,919
2025-06-01 01:00:00,6260
2025-06-01 01:00:00,10065
2025-06-01 01:00:00,1270
2025-06-01 01:00:00,9017
2025-06-01 01:00:00,1838
2025-06-01 01:00:00,7590
2025-06-01 01:00:00,6267
2025-06-01 01:00:00,744
2025-06-01 01:00:00,5547
2025-06-01 01:00:00,17783
2025-06-01 01:00:00,8621
2025-06-01 01:00:00,18951
2025-06-01 01:00:00,18883
2025-06-01 01:00:00,10011
2025-06-01 01:00:00,2002
2025-06-01 01:00:00,18358
2025-06-01 01:00:00,668
2025-06-01 01:00:00,18467
2025-06-01 01:00:00,18209
2025-06-01 01:00:00,11994
2025-06-01 01:00:00,27038
2025-06-01 01:00:00,1755
2025-06-01 01:00:00,1002
2025-06-01 01:00:00,14554
2025-06-01 01:00:00,1502
2025-06-01 01:00:00,17799
2025-06-01 01:00:00,5976
2025-06-01 01:00:00,18893
2025-06-01 01:00:00,2875
2025-06-01 01:00:00,9932
2025-06-01 01:00:00,1778
2025-06-01 01:00:00,5225
2025-06-01 01:00:00,12030
2025-06-01 01:00:00,12933
2025-06-01 01:00:00,1010
2025-06-01 01:00:00,1444
2025-06-01 01:00:00,14731
2025-06-01 01:00:00,1073
2025-06-01 01:00:00,4528
2025-06-01 01:00:00,6067
2025-06-01 01:00:00,1664
2025-06-01 01:00:00,9750
2025-06-01 01:00:00,1003
2025-06-01 01:00:00,1275
2025-06-01 01:00:00,1269
2025-06-01 01:00:00,3242
2025-06-01 01:00:00,9799
2025-06-01 01:00:00,4285
2025-06-01 01:00:00,20709
2025-06-01 01:00:00,2245
2025-06-01 01:00:00,1851
2025-06-01 01:00:00,5520
2025-06-01 01:00:00,917
2025-06-01 01:00:00,1000
2025-06-01 01:00:00,4550
2025-06-01 01:00:00,3260
2025-06-01 01:00:00,15001
2025-06-01 01:00:00,3650
2025-06-01 01:00:00,27039
2025-06-01 01:00:00,20399
2025-06-01 01:00:00,5328
2025-06-01 01:00:00,755
2025-06-01 01:00:00,1240
2025-06-01 01:00:00,3435
2025-06-01 01:00:00,4941
2025-06-01 01:00:00,20789
2025-06-01 01:00:00,1409
2025-06-01 01:00:00,11383
2025-06-01 01:00:00,27460
2025-06-01 01:00:00,2092
2025-06-01 01:00:00,5190
2025-06-01 01:00:00,2958
2025-06-01 01:00:00,5520
2025-06-01 01:00:00,19565
2025-06-01 01:00:00,6524
2025-06-01 01:00:00,10307
2025-06-01 01:00:00,12611
2025-06-01 01:00:00,16753
2025-06-01 01:00:00,1161
2025-06-01 01:00:00,5449
2025-06-01 01:00:00,9308
2025-06-01 01:00:00,5048
2025-06-01 01:00:00,14834
2025-06-01 01:00:00,3267
2025-06-01 01:00:00,9408
2025-06-01 01:00:00,10634
2025-06-01 01:00:00,2201
2025-06-01 01:00:00,21904
2025-06-01 01:00:00,11064
2025-06-01 01:00:00,9589
2025-06-01 01:00:00,6836
2025-06-01 01:00:00,6657
2025-06-01 01:00:00,1099
2025-06-01 01:00:00,9127
2025-06-01 01:00:00,11315
2025-06-01 01:00:00,13020
2025-06-01 01:00:00,8082
2025-06-01 01:00:00,6518
2025-06-01 01:00:00,12423
2025-06-01 01:00:00,4308
2025-06-01 01:00:00,1840
2025-06-01 01:00:00,4378
2025-06-01 01:00:00,1343
2025-06-01 01:00:00,2660
2025-06-01 01:00:00,3420
2025-06-01 01:00:00,8302
2025-06-01 01:00:00,7073
2025-06-01 01:00:00,2365
2025-06-01 01:00:00,20193
2025-06-01 01:00:00,7495
2025-06-01 01:00:00,19928
2025-06-01 01:00:00,8553
2025-06-01 01:00:00,11159
2025-06-01 01:00:00,7288
2025-06-01 01:00:00,10695
2025-06-01 01:00:00,8066
2025-06-01 01:00:00,11172
2025-06-01 01:00:00,27390
2025-06-01 01:00:00,1181
2025-06-01 01:00:00,28592
2025-06-01 01:00:00,29352
2025-06-01 01:00:00,1141
2025-06-01 01:00:00,27402
2025-06-01 01:00:00,16753
2025-06-01 01:00:00,5653
2025-06-01 01:00:00,20138
2025-06-01 01:00:00,13195
2025-06-01 01:00:00,16037
2025-06-01 01:00:00,2406
2025-06-01 01:00:00,3834
2025-06-01 01:00:00,10462
2025-06-01 01:00:00,8378
2025-06-01 01:00:00,9553
2025-06-01 01:00:00,561
2025-06-01 01:00:00,9846
2025-06-01 01:00:00,251
2025-06-01 01:00:00,19183
2025-06-01 01:00:00,1287
2025-06-01 01:00:00,10965
2025-06-01 01:00:00,4106
2025-06-01 01:00:00,3037
2025-06-01 01:00:00,5278
2025-06-01 01:00:00,18117
2025-06-01 01:00:00,18382
2025-06-01 01:00:00,3249
2025-06-01 01:00:00,8326
2025-06-01 01:00:00,11142
2025-06-01 01:00:00,8468
2025-06-01 01:00:00,5343
2025-06-01 01:00:00,10889
2025-06-01 01:00:00,17556
2025-06-01 01:00:00,4783
2025-06-01 01:00:00,2549
2025-06-01 01:00:00,6229
2025-06-01 01:00:00,5119
2025-06-01 01:00:00,5545
2025-06-01 01:00:00,2392
2025-06-01 01:00:00,4040
2025-06-01 01:00:00,19349
2025-06-01 01:00:00,27293
2025-06-01 01:00:00,4311
2025-06-01 01:00:00,1270
2025-06-01 01:00:00,3676
2025-06-01 01:00:00,10020
2025-06-01 01:00:00,10160
2025-06-01 01:00:00,4967
2025-06-01 01:00:00,7522
2025-06-01 01:00:00,5170
2025-06-01 01:00:00,3327
2025-06-01 01:00:00,4285
2025-06-01 01:00:00,11442
2025-06-01 01:00:00,18219
2025-06-01 01:00:00,19728
2025-06-01 01:00:00,3572
2025-06-01 01:00:00,20681
2025-06-01 01:00:00,10139
2025-06-01 01:00:00,5340
2025-06-01 01:00:00,5390
2025-06-01 01:00:00,18734
2025-06-01 01:00:00,9503
2025-06-01 01:00:00,18881
2025-06-01 01:00:00,962
2025-06-01 01:00:00,1157
2025-06-01 01:00:00,11020
2025-06-01 01:00:00,3031
2025-06-01 01:00:00,7880
2025-06-01 01:00:00,6661
2025-06-01 01:00:00,19755
2025-06-01 01:00:00,8055
2025-06-01 01:00:00,10723
2025-06-01 01:00:00,518
2025-06-01 01:00:00,1403
2025-06-01 01:00:00,1182
2025-06-01 01:00:00,6125
2025-06-01 01:00:00,6159
2025-06-01 01:00:00,11908
2025-06-01 01:00:00,11
2025-06-01 01:00:00,3095
2025-06-01 01:00:00,4753
2025-06-01 01:00:00,7907
2025-06-01 01:00:00,1721
2025-06-01 01:00:00,1387
2025-06-01 01:00:00,1696
2025-06-01 01:00:00,4429
2025-06-01 01:00:00,20629
2025-06-01 01:00:00,3824
2025-06-01 01:00:00,3036
2025-06-01 01:00:00,18516
2025-06-01 01:00:00,17581
2025-06-01 01:00:00,12153
2025-06-01 01:00:00,2096
2025-06-01 01:00:00,18039
2025-06-01 01:00:00,1667
2025-06-01 01:00:00,9211
2025-06-01 01:00:00,4876
2025-06-01 01:00:00,4548
2025-06-01 01:00:00,3525
2025-06-01 01:00:00,2072
2025-06-01 01:00:00,946
2025-06-01 01:00:00,3310
2025-06-01 01:00:00,1124
2025-06-01 01:00:00,1800
2025-06-01 01:00:00,1024
2025-06-01 01:00:00,6018
2025-06-01 01:00:00,18074
2025-06-01 01:00:00,11423
2025-06-01 01:00:00,16842
2025-06-01 01:00:00,7147
2025-06-01 01:00:00,4253
2025-06-01 01:00:00,3269
2025-06-01 01:00:00,1627
2025-06-01 01:00:00,2778
2025-06-01 01:00:00,5530
2025-06-01 01:00:00,4961
2025-06-01 01:00:00,7190
2025-06-01 01:00:00,3738
2025-06-01 01:00:00,29272
2025-06-01 01:00:00,4881
2025-06-01 01:00:00,1013
2025-06-01 01:00:00,1031
2025-06-01 01:00:00,5278
2025-06-01 01:00:00,4435
2025-06-01 01:00:00,17577
2025-06-01 01:00:00,673
2025-06-01 01:00:00,3164
2025-06-01 01:00:00,11416
2025-06-01 01:00:00,5355
2025-06-01 01:00:00,9628
2025-06-01 01:00:00,549
2025-06-01 01:00:00,4229
2025-06-01 01:00:00,20400
2025-06-01 01:00:00,4462
2025-06-01 01:00:00,18779
2025-06-01 01:00:00,5544
2025-06-01 01:00:00,8056
2025-06-01 01:00:00,17634
2025-06-01 01:00:00,11336
2025-06-01 01:00:00,27511
2025-06-01 01:00:00,3539
2025-06-01 01:00:00,963
2025-06-01 01:00:00,7885
2025-06-01 01:00:00,3337
2025-06-01 01:00:00,12228
2025-06-01 01:00:00,29335
2025-06-01 01:00:00,21909
2025-06-01 01:00:00,20076
2025-06-01 01:00:00,7172
2025-06-01 01:00:00,1636
2025-06-01 01:00:00,4389
2025-06-01 01:00:00,5018
2025-06-01 01:00:00,5149
2025-06-01 01:00:00,3259
2025-06-01 01:00:00,18941
2025-06-01 01:00:00,2414
2025-06-01 01:00:00,27392
2025-06-01 01:00:00,21246
2025-06-01 01:00:00,10928
2025-06-01 01:00:00,5339
2025-06-01 01:00:00,1790
2025-06-01 01:00:00,13483
2025-06-01 01:00:00,533
2025-06-01 01:00:00,17321
2025-06-01 01:00:00,2971
2025-06-01 01:00:00,8355
2025-06-01 01:00:00,1200
2025-06-01 01:00:00,10709
2025-06-01 01:00:00,3733
2025-06-01 01:00:00,12344
2025-06-01 01:00:00,1352
2025-06-01 01:00:00,3774
2025-06-01 01:00:00,10028
2025-06-01 01:00:00,13969
2025-06-01 01:00:00,1685
2025-06-01 01:00:00,29334
2025-06-01 01:00:00,10169
2025-06-01 01:00:00,2278
2025-06-01 01:00:00,1378
2025-06-01 01:00:00,13158
2025-06-01 01:00:00,7909
2025-06-01 01:00:00,28607
2025-06-01 01:00:00,4805
2025-06-01 01:00:00,1617
2025-06-01 01:00:00,3592
2025-06-01 01:00:00,1608
2025-06-01 01:00:00,3085
2025-06-01 01:00:00,4943
2025-06-01 01:00:00,1789
2025-06-01 01:00:00,3040
2025-06-01 01:00:00,3337
2025-06-01 01:00:00,4422
2025-06-01 01:00:00,29185
2025-06-01 01:00:00,11544
2025-06-01 01:00:00,1475
2025-06-01 01:00:00,2206
2025-06-01 01:00:00,9843
2025-06-01 01:00:00,14447
2025-06-01 01:00:00,1302
2025-06-01 01:00:00,18246
2025-06-01 01:00:00,2669
2025-06-01 01:00:00,17710
2025-06-01 01:00:00,709
2025-06-01 01:00:00,1302
2025-06-01 01:00:00,3903
2025-06-01 01:00:00,27390
2025-06-01 01:00:00,19130
2025-06-01 01:00:00,18225
2025-06-01 01:00:00,28590
2025-06-01 01:00:00,4416
2025-06-01 01:00:00,4356
2025-06-01 01:00:00,1524
2025-06-01 01:00:00,10292
2025-06-01 01:00:00,17352
2025-06-01 01:00:00,10366
2025-06-01 01:00:00,19541
2025-06-01 01:00:00,4868
2025-06-01 01:00:00,2392
2025-06-01 01:00:00,1572
2025-06-01 01:00:00,1369
2025-06-01 01:00:00,19182
2025-06-01 01:00:00,10956
2025-06-01 01:00:00,1152
2025-06-01 02:00:00,3073
2025-06-01 02:00:00,3073
2025-06-01 02:00:00,2392
2025-06-01 02:00:00,13443
2025-06-01 02:00:00,5340
2025-06-01 02:00:00,9635
2025-06-01 02:00:00,2553
2025-06-01 02:00:00,3552
2025-06-01 02:00:00,27461
2025-06-01 02:00:00,19719
2025-06-01 02:00:00,2412
2025-06-01 02:00:00,8356
2025-06-01 02:00:00,5350
2025-06-01 02:00:00,494
2025-06-01 02:00:00,2890
2025-06-01 02:00:00,246
2025-06-01 02:00:00,1407
2025-06-01 02:00:00,12893
2025-06-01 02:00:00,17812
2025-06-01 02:00:00,27451
2025-06-01 02:00:00,29299
2025-06-01 02:00:00,3805
2025-06-01 02:00:00,2347
2025-06-01 02:00:00,11078
2025-06-01 02:00:00,7863
2025-06-01 02:00:00,19924
2025-06-01 02:00:00,17304
2025-06-01 02:00:00,3435
2025-06-01 02:00:00,20580
2025-06-01 02:00:00,3360
2025-06-01 02:00:00,5042
2025-06-01 02:00:00,9505
2025-06-01 02:00:00,29298
2025-06-01 02:00:00,5358
2025-06-01 02:00:00,5604
2025-06-01 02:00:00,5040
2025-06-01 02:00:00,1960
2025-06-01 02:00:00,5333
2025-06-01 02:00:00,18447
2025-06-01 02:00:00,19790
2025-06-01 02:00:00,27402
2025-06-01 02:00:00,6209
2025-06-01 02:00:00,5899
2025-06-01 02:00:00,7537
2025-06-01 02:00:00,3374
2025-06-01 02:00:00,7633
2025-06-01 02:00:00,278
2025-06-01 02:00:00,1185
2025-06-01 02:00:00,1229
2025-06-01 02:00:00,4582
2025-06-01 02:00:00,4807
2025-06-01 02:00:00,8282
2025-06-01 02:00:00,7592
2025-06-01 02:00:00,9402
2025-06-01 02:00:00,6801
2025-06-01 02:00:00,7314
2025-06-01 02:00:00,12003
2025-06-01 02:00:00,9634
2025-06-01 02:00:00,37
2025-06-01 02:00:00,4761
2025-06-01 02:00:00,2489
2025-06-01 02:00:00,7451
2025-06-01 02:00:00,1461
2025-06-01 02:00:00,4583
2025-06-01 02:00:00,3653
2025-06-01 02:00:00,623
2025-06-01 02:00:00,21714
2025-06-01 02:00:00,3085
2025-06-01 02:00:00,7880
2025-06-01 02:00:00,1270
2025-06-01 02:00:00,1181
2025-06-01 02:00:00,3800
2025-06-01 02:00:00,2389
2025-06-01 02:00:00,4709
2025-06-01 02:00:00,6444
2025-06-01 02:00:00,2550
2025-06-01 02:00:00,7263
2025-06-01 02:00:00,7087
2025-06-01 02:00:00,1668
2025-06-01 02:00:00,7659
2025-06-01 02:00:00,3439
2025-06-01 02:00:00,6630
2025-06-01 02:00:00,2022
2025-06-01 02:00:00,18727
2025-06-01 02:00:00,2340
2025-06-01 02:00:00,2605
2025-06-01 02:00:00,6130
2025-06-01 02:00:00,3106
2025-06-01 02:00:00,13128
2025-06-01 02:00:00,7511
2025-06-01 02:00:00,12621
2025-06-01 02:00:00,2247
2025-06-01 02:00:00,10132
2025-06-01 02:00:00,2271
2025-06-01 02:00:00,18366
2025-06-01 02:00:00,11427
2025-06-01 02:00:00,17642
2025-06-01 02:00:00,13124
2025-06-01 02:00:00,1181
2025-06-01 02:00:00,5330
2025-06-01 02:00:00,27434
2025-06-01 02:00:00,10678
2025-06-01 02:00:00,3002
2025-06-01 02:00:00,7591
2025-06-01 02:00:00,90
2025-06-01 02:00:00,2452
2025-06-01 02:00:00,4532
2025-06-01 02:00:00,5590
2025-06-01 02:00:00,226
2025-06-01 02:00:00,9450
2025-06-01 02:00:00,20277
2025-06-01 02:00:00,433
2025-06-01 02:00:00,1556
2025-06-01 02:00:00,2618
2025-06-01 02:00:00,9280
2025-06-01 02:00:00,1171
2025-06-01 02:00:00,5259
2025-06-01 02:00:00,10147
2025-06-01 02:00:00,5103
2025-06-01 02:00:00,9020
2025-06-01 02:00:00,6651
2025-06-01 02:00:00,267
2025-06-01 02:00:00,2920
2025-06-01 02:00:00,1888
2025-06-01 02:00:00,7647
2025-06-01 02:00:00,1048
2025-06-01 02:00:00,9430
2025-06-01 02:00:00,1417
2025-06-01 02:00:00,7803
2025-06-01 02:00:00,1123
2025-06-01 02:00:00,3630
2025-06-01 02:00:00,619
2025-06-01 02:00:00,14101
2025-06-01 02:00:00,7637
2025-06-01 02:00:00,3771
2025-06-01 02:00:00,2419
2025-06-01 02:00:00,2678
2025-06-01 02:00:00,1886
2025-06-01 02:00:00,1455
2025-06-01 02:00:00,18219
2025-06-01 02:00:00,19714
2025-06-01 02:00:00,18839
2025-06-01 02:00:00,18122
2025-06-01 02:00:00,8794
2025-06-01 02:00:00,28613
2025-06-01 02:00:00,12095
2025-06-01 02:00:00,3768
2025-06-01 02:00:00,7314
2025-06-01 02:00:00,27040
2025-06-01 02:00:00,6187
2025-06-01 02:00:00,2073
2025-06-01 02:00:00,12049
2025-06-01 02:00:00,4378
2025-06-01 02:00:00,3963
2025-06-01 02:00:00,7050
2025-06-01 02:00:00,3457
2025-06-01 02:00:00,10636
2025-06-01 02:00:00,1234
2025-06-01 02:00:00,2083
2025-06-01 02:00:00,18945
2025-06-01 02:00:00,18875
2025-06-01 02:00:00,19382
2025-06-01 02:00:00,7353
2025-06-01 02:00:00,8002
2025-06-01 02:00:00,7870
2025-06-01 02:00:00,5631
2025-06-01 02:00:00,5318
2025-06-01 02:00:00,20869
2025-06-01 02:00:00,13976
2025-06-01 02:00:00,908
2025-06-01 02:00:00,10462
2025-06-01 02:00:00,19077
2025-06-01 02:00:00,1630
2025-06-01 02:00:00,5428
2025-06-01 02:00:00,2355
2025-06-01 02:00:00,7209
2025-06-01 02:00:00,2725
2025-06-01 02:00:00,18856
2025-06-01 02:00:00,2019
2025-06-01 02:00:00,8785
2025-06-01 02:00:00,350
2025-06-01 02:00:00,3955
2025-06-01 02:00:00,2355
2025-06-01 02:00:00,2172
2025-06-01 02:00:00,3910
2025-06-01 02:00:00,5268
2025-06-01 02:00:00,17494
2025-06-01 02:00:00,17367
2025-06-01 02:00:00,7803
2025-06-01 02:00:00,9628
2025-06-01 02:00:00,9789
2025-06-01 02:00:00,12350
2025-06-01 02:00:00,20220
2025-06-01 02:00:00,7677
2025-06-01 02:00:00,125
2025-06-01 02:00:00,954
2025-06-01 02:00:00,12081
2025-06-01 02:00:00,4225
2025-06-01 02:00:00,308
2025-06-01 02:00:00,477
2025-06-01 02:00:00,1752
2025-06-01 02:00:00,3535
2025-06-01 02:00:00,19012
2025-06-01 02:00:00,19115
2025-06-01 02:00:00,6960
2025-06-01 02:00:00,1829
2025-06-01 02:00:00,6492
2025-06-01 02:00:00,10951
2025-06-01 02:00:00,12174
2025-06-01 02:00:00,9498
2025-06-01 02:00:00,448
2025-06-01 02:00:00,14101
2025-06-01 02:00:00,4177
2025-06-01 02:00:00,1385
2025-06-01 02:00:00,491
2025-06-01 02:00:00,2171
2025-06-01 02:00:00,17537
2025-06-01 02:00:00,21150
2025-06-01 02:00:00,17445
2025-06-01 03:00:00,29299
2025-06-01 03:00:00,29279
2025-06-01 03:00:00,12970
2025-06-01 03:00:00,27495
2025-06-01 03:00:00,2837
2025-06-01 03:00:00,5011
2025-06-01 03:00:00,29167
2025-06-01 03:00:00,9677
2025-06-01 03:00:00,3970
2025-06-01 03:00:00,10851
2025-06-01 03:00:00,6527
2025-06-01 03:00:00,2151
2025-06-01 03:00:00,955
2025-06-01 03:00:00,3106
2025-06-01 03:00:00,7436
2025-06-01 03:00:00,5874
2025-06-01 03:00:00,2014
2025-06-01 03:00:00,9689
2025-06-01 03:00:00,11448
2025-06-01 03:00:00,8006
2025-06-01 03:00:00,3950
2025-06-01 03:00:00,6237
2025-06-01 03:00:00,4780
2025-06-01 03:00:00,5770
2025-06-01 03:00:00,11921
2025-06-01 03:00:00,1114
2025-06-01 03:00:00,4575
2025-06-01 03:00:00,13240
2025-06-01 03:00:00,9278
2025-06-01 03:00:00,447
2025-06-01 03:00:00,19994
2025-06-01 03:00:00,1296
2025-06-01 03:00:00,3025
2025-06-01 03:00:00,4207
2025-06-01 03:00:00,3041
2025-06-01 03:00:00,5675
2025-06-01 03:00:00,29187
2025-06-01 03:00:00,17329
2025-06-01 03:00:00,18698
2025-06-01 03:00:00,1032
2025-06-01 03:00:00,7495
2025-06-01 03:00:00,9483
2025-06-01 03:00:00,29173
2025-06-01 03:00:00,12631
2025-06-01 03:00:00,3108
2025-06-01 03:00:00,8153
2025-06-01 03:00:00,13057
2025-06-01 03:00:00,10965
2025-06-01 03:00:00,3254
2025-06-01 03:00:00,1752
2025-06-01 03:00:00,9017
2025-06-01 03:00:00,28606
2025-06-01 03:00:00,5259
2025-06-01 03:00:00,29332
2025-06-01 03:00:00,9475
2025-06-01 03:00:00,432
2025-06-01 03:00:00,3873
2025-06-01 03:00:00,13967
2025-06-01 03:00:00,27408
2025-06-01 03:00:00,20073
2025-06-01 03:00:00,3364
2025-06-01 03:00:00,536
2025-06-01 03:00:00,2502
2025-06-01 03:00:00,7535
2025-06-01 03:00:00,3108
2025-06-01 03:00:00,28842
2025-06-01 03:00:00,7862
2025-06-01 03:00:00,947
2025-06-01 03:00:00,10813
2025-06-01 03:00:00,3783
2025-06-01 03:00:00,3501
2025-06-01 03:00:00,1392
2025-06-01 03:00:00,17888
2025-06-01 03:00:00,755
2025-06-01 03:00:00,5576
2025-06-01 03:00:00,20448
2025-06-01 03:00:00,419
2025-06-01 03:00:00,1284
2025-06-01 03:00:00,14860
2025-06-01 03:00:00,2610
2025-06-01 03:00:00,1688
2025-06-01 03:00:00,4423
2025-06-01 03:00:00,1389
2025-06-01 03:00:00,4311
2025-06-01 03:00:00,616
2025-06-01 03:00:00,7149
2025-06-01 03:00:00,21931
2025-06-01 03:00:00,3890
2025-06-01 03:00:00,13130
2025-06-01 03:00:00,10658
2025-06-01 03:00:00,3907
2025-06-01 03:00:00,18062
2025-06-01 03:00:00,8156
2025-06-01 03:00:00,8344
2025-06-01 03:00:00,438
2025-06-01 03:00:00,1579
2025-06-01 03:00:00,12626
2025-06-01 03:00:00,4550
2025-06-01 03:00:00,681
2025-06-01 03:00:00,8686
2025-06-01 03:00:00,19059
2025-06-01 03:00:00,21768
2025-06-01 03:00:00,17588
2025-06-01 03:00:00,19228
2025-06-01 03:00:00,11129
2025-06-01 03:00:00,1644
2025-06-01 03:00:00,20078
2025-06-01 03:00:00,4628
2025-06-01 03:00:00,18316
2025-06-01 03:00:00,2676
2025-06-01 03:00:00,18336
2025-06-01 03:00:00,3723
2025-06-01 03:00:00,2173
2025-06-01 03:00:00,8118
2025-06-01 03:00:00,13481
2025-06-01 03:00:00,5976
2025-06-01 03:00:00,7414
2025-06-01 03:00:00,19490
2025-06-01 03:00:00,14731
2025-06-01 03:00:00,3230
2025-06-01 03:00:00,6481
2025-06-01 03:00:00,4943
2025-06-01 03:00:00,19301
2025-06-01 03:00:00,992
2025-06-01 03:00:00,64
2025-06-01 03:00:00,14747
2025-06-01 03:00:00,29337
2025-06-01 03:00:00,1375
2025-06-01 03:00:00,2044
2025-06-01 03:00:00,8640
2025-06-01 03:00:00,7350
2025-06-01 03:00:00,5409
2025-06-01 03:00:00,909
2025-06-01 03:00:00,27403
2025-06-01 03:00:00,9290
2025-06-01 03:00:00,28594
2025-06-01 03:00:00,5372
2025-06-01 03:00:00,7087
2025-06-01 03:00:00,11458
2025-06-01 03:00:00,1888
2025-06-01 03:00:00,11383
2025-06-01 03:00:00,17479
2025-06-01 03:00:00,5601
2025-06-01 03:00:00,1200
2025-06-01 03:00:00,2725
2025-06-01 03:00:00,11083
2025-06-01 03:00:00,2223
2025-06-01 03:00:00,2384
2025-06-01 03:00:00,9019
2025-06-01 03:00:00,11024
2025-06-01 03:00:00,2621
2025-06-01 03:00:00,11427
2025-06-01 03:00:00,1409
2025-06-01 03:00:00,10598
2025-06-01 03:00:00,28594
2025-06-01 03:00:00,17168
2025-06-01 03:00:00,7592
2025-06-01 03:00:00,3381
2025-06-01 03:00:00,3851
2025-06-01 03:00:00,9135
2025-06-01 03:00:00,29101
2025-06-01 03:00:00,7404
2025-06-01 03:00:00,568
2025-06-01 03:00:00,5995
2025-06-01 03:00:00,2886
2025-06-01 03:00:00,5022
2025-06-01 03:00:00,125
2025-06-01 03:00:00,11773
2025-06-01 03:00:00,3397
2025-06-01 03:00:00,7642
2025-06-01 03:00:00,1311
2025-06-01 03:00:00,7209
2025-06-01 03:00:00,5238
2025-06-01 03:00:00,5582
2025-06-01 03:00:00,2422
2025-06-01 03:00:00,409
2025-06-01 03:00:00,19054
2025-06-01 03:00:00,5081
2025-06-01 03:00:00,7675
2025-06-01 03:00:00,3277
2025-06-01 03:00:00,12174
2025-06-01 03:00:00,18187
2025-06-01 03:00:00,505
2025-06-01 03:00:00,2368
2025-06-01 03:00:00,11719
2025-06-01 03:00:00,13033
2025-06-01 03:00:00,3439
2025-06-01 03:00:00,4582
2025-06-01 03:00:00,7073
2025-06-01 03:00:00,20311
2025-06-01 03:00:00,20056
2025-06-01 03:00:00,29307
2025-06-01 03:00:00,2655
2025-06-01 03:00:00,9539
2025-06-01 03:00:00,4229
2025-06-01 03:00:00,2806
2025-06-01 03:00:00,19573
2025-06-01 03:00:00,4660
2025-06-01 03:00:00,1091
2025-06-01 03:00:00,5759
2025-06-01 03:00:00,12267
2025-06-01 03:00:00,17454
2025-06-01 03:00:00,13976
2025-06-01 03:00:00,559
2025-06-01 03:00:00,5218
2025-06-01 03:00:00,5358
2025-06-01 03:00:00,1272
2025-06-01 03:00:00,3292
2025-06-01 03:00:00,17360
2025-06-01 03:00:00,9145
2025-06-01 03:00:00,1759
2025-06-01 03:00:00,1392
2025-06-01 03:00:00,447
2025-06-01 03:00:00,11078
2025-06-01 03:00:00,11198
2025-06-01 03:00:00,489
2025-06-01 03:00:00,20966
2025-06-01 03:00:00,3435
2025-06-01 03:00:00,8585
2025-06-01 03:00:00,8278
2025-06-01 03:00:00,11000
2025-06-01 03:00:00,27527
2025-06-01 03:00:00,5817
2025-06-01 03:00:00,18951
2025-06-01 03:00:00,18442
2025-06-01 03:00:00,13227
2025-06-01 03:00:00,11007
2025-06-01 03:00:00,11
2025-06-01 03:00:00,3805
2025-06-01 03:00:00,10258
2025-06-01 03:00:00,1688
2025-06-01 03:00:00,6998
2025-06-01 03:00:00,1275
2025-06-01 03:00:00,5018
2025-06-01 03:00:00,7537
2025-06-01 03:00:00,28842
2025-06-01 03:00:00,5759
2025-06-01 03:00:00,1465
2025-06-01 03:00:00,18084
2025-06-01 03:00:00,13227
2025-06-01 03:00:00,18356
2025-06-01 03:00:00,3582
2025-06-01 03:00:00,3925
2025-06-01 03:00:00,6135
2025-06-01 03:00:00,18048
2025-06-01 03:00:00,5731
2025-06-01 03:00:00,17789
2025-06-01 03:00:00,8345
2025-06-01 03:00:00,3673
2025-06-01 03:00:00,14099
2025-06-01 03:00:00,11539
2025-06-01 03:00:00,9029
2025-06-01 03:00:00,7448
2025-06-01 03:00:00,460
2025-06-01 03:00:00,18668
2025-06-01 03:00:00,1434
2025-06-01 03:00:00,17411
2025-06-01 03:00:00,14562
2025-06-01 03:00:00,10596
2025-06-01 03:00:00,18153
2025-06-01 03:00:00,19579
2025-06-01 03:00:00,5457
2025-06-01 03:00:00,29268
2025-06-01 03:00:00,13039
2025-06-01 03:00:00,4052
2025-06-01 03:00:00,1116
2025-06-01 03:00:00,2529
2025-06-01 03:00:00,7356
2025-06-01 03:00:00,456
2025-06-01 03:00:00,3337
2025-06-01 03:00:00,12859
2025-06-01 03:00:00,11906
2025-06-01 03:00:00,4006
2025-06-01 03:00:00,2847
2025-06-01 03:00:00,20084
2025-06-01 03:00:00,11062
2025-06-01 03:00:00,4285
2025-06-01 03:00:00,3657
2025-06-01 03:00:00,1184
2025-06-01 03:00:00,18431
2025-06-01 03:00:00,7425
2025-06-01 03:00:00,12809
2025-06-01 03:00:00,2678
2025-06-01 03:00:00,4478
2025-06-01 03:00:00,6444
2025-06-01 03:00:00,29337
2025-06-01 03:00:00,9539
2025-06-01 03:00:00,2971
2025-06-01 03:00:00,2820
2025-06-01 03:00:00,1918
2025-06-01 03:00:00,10505
2025-06-01 03:00:00,7945
2025-06-01 03:00:00,17474
2025-06-01 03:00:00,892
2025-06-01 03:00:00,18285
2025-06-01 03:00:00,3533
2025-06-01 03:00:00,2627
2025-06-01 03:00:00,625
2025-06-01 03:00:00,1112
2025-06-01 03:00:00,3392
2025-06-01 03:00:00,5456
2025-06-01 03:00:00,17589
2025-06-01 03:00:00,1592
2025-06-01 03:00:00,14860
2025-06-01 03:00:00,7214
2025-06-01 03:00:00,1227
2025-06-01 03:00:00,3370
2025-06-01 03:00:00,1445
2025-06-01 03:00:00,11997
2025-06-01 03:00:00,10137
2025-06-01 03:00:00,11906
2025-06-01 03:00:00,1253
2025-06-01 03:00:00,28601
2025-06-01 03:00:00,2620
2025-06-01 03:00:00,518
2025-06-01 03:00:00,22241
2025-06-01 03:00:00,12282
2025-06-01 03:00:00,8318
2025-06-01 03:00:00,6099
2025-06-01 03:00:00,3805
2025-06-01 03:00:00,1269
2025-06-01 03:00:00,27524
2025-06-01 03:00:00,1185
2025-06-01 03:00:00,9560
2025-06-01 03:00:00,1120
2025-06-01 03:00:00,11143
2025-06-01 03:00:00,12359
2025-06-01 03:00:00,10877
2025-06-01 03:00:00,11540
2025-06-01 03:00:00,20759
2025-06-01 03:00:00,20400
2025-06-01 03:00:00,17359
2025-06-01 03:00:00,630
2025-06-01 03:00:00,17877
2025-06-01 03:00:00,4364
2025-06-01 03:00:00,16041
2025-06-01 03:00:00,9327
2025-06-01 03:00:00,7937
2025-06-01 03:00:00,5060
2025-06-01 03:00:00,6346
2025-06-01 03:00:00,1475
2025-06-01 03:00:00,20351
2025-06-01 03:00:00,1514
2025-06-01 03:00:00,19926
2025-06-01 03:00:00,8592
2025-06-01 03:00:00,8310
2025-06-01 03:00:00,1116
2025-06-01 03:00:00,4634
2025-06-01 03:00:00,18486
2025-06-01 03:00:00,21050
2025-06-01 03:00:00,13974
2025-06-01 03:00:00,1844
2025-06-01 03:00:00,7943
2025-06-01 03:00:00,7072
2025-06-01 03:00:00,14913
2025-06-01 03:00:00,1159
2025-06-01 03:00:00,1207
2025-06-01 03:00:00,3412
2025-06-01 03:00:00,17460
2025-06-01 03:00:00,815
2025-06-01 03:00:00,4273
2025-06-01 03:00:00,5561
2025-06-01 03:00:00,1436
2025-06-01 03:00:00,1640
2025-06-01 03:00:00,29169
2025-06-01 03:00:00,6221
2025-06-01 03:00:00,431
2025-06-01 03:00:00,27042
2025-06-01 03:00:00,7048
2025-06-01 03:00:00,5232
2025-06-01 03:00:00,5606
2025-06-01 03:00:00,8055
2025-06-01 03:00:00,17408
2025-06-01 03:00:00,29249
2025-06-01 03:00:00,4292
2025-06-01 03:00:00,3498
2025-06-01 03:00:00,10965
2025-06-01 03:00:00,18896
2025-06-01 03:00:00,19899
2025-06-01 03:00:00,17588
2025-06-01 03:00:00,5354
2025-06-01 03:00:00,468
2025-06-01 03:00:00,9742
2025-06-01 03:00:00,4328
2025-06-01 03:00:00,1365
2025-06-01 03:00:00,9468
2025-06-01 03:00:00,12344
2025-06-01 03:00:00,1156
2025-06-01 03:00:00,19963
2025-06-01 03:00:00,6225
2025-06-01 03:00:00,8617
2025-06-01 03:00:00,5548
2025-06-01 03:00:00,1800
2025-06-01 03:00:00,7612
2025-06-01 03:00:00,4865
2025-06-01 03:00:00,1491
2025-06-01 03:00:00,6703
2025-06-01 03:00:00,5743
2025-06-01 03:00:00,12331
2025-06-01 03:00:00,9278
2025-06-01 03:00:00,2172
2025-06-01 03:00:00,16002
2025-06-01 04:00:00,2750
2025-06-01 04:00:00,576
2025-06-01 04:00:00,7539
2025-06-01 04:00:00,1065
2025-06-01 04:00:00,10223
2025-06-01 04:00:00,3152
2025-06-01 04:00:00,7669
2025-06-01 04:00:00,2173
2025-06-01 04:00:00,3768
2025-06-01 04:00:00,4964
2025-06-01 04:00:00,1526
2025-06-01 04:00:00,2022
2025-06-01 04:00:00,525
2025-06-01 04:00:00,4438
2025-06-01 04:00:00,14875
2025-06-01 04:00:00,2129
2025-06-01 04:00:00,93
2025-06-01 04:00:00,13339
2025-06-01 04:00:00,1511
2025-06-01 04:00:00,1475
2025-06-01 04:00:00,804
2025-06-01 04:00:00,19673
2025-06-01 04:00:00,12977
2025-06-01 04:00:00,13277
2025-06-01 04:00:00,2121
2025-06-01 04:00:00,29279
2025-06-01 04:00:00,5408
2025-06-01 04:00:00,7762
2025-06-01 04:00:00,9689
2025-06-01 04:00:00,2141
2025-06-01 04:00:00,1307
2025-06-01 04:00:00,4661
2025-06-01 04:00:00,286
2025-06-01 04:00:00,5488
2025-06-01 04:00:00,1101
2025-06-01 04:00:00,8066
2025-06-01 04:00:00,11840
2025-06-01 04:00:00,7868
2025-06-01 04:00:00,3412
2025-06-01 04:00:00,10466
2025-06-01 04:00:00,11343
2025-06-01 04:00:00,1840
2025-06-01 04:00:00,943
2025-06-01 04:00:00,1642
2025-06-01 04:00:00,3287
2025-06-01 04:00:00,1759
2025-06-01 04:00:00,1407
2025-06-01 04:00:00,2006
2025-06-01 04:00:00,2546
2025-06-01 04:00:00,7868
2025-06-01 04:00:00,10924
2025-06-01 04:00:00,5330
2025-06-01 04:00:00,9539
2025-06-01 04:00:00,251
2025-06-01 04:00:00,21424
2025-06-01 04:00:00,3505
2025-06-01 04:00:00,2296
2025-06-01 04:00:00,1266
2025-06-01 04:00:00,2353
2025-06-01 04:00:00,1921
2025-06-01 04:00:00,9437
2025-06-01 04:00:00,19373
2025-06-01 04:00:00,3569
2025-06-01 04:00:00,8396
2025-06-01 04:00:00,784
2025-06-01 04:00:00,1214
2025-06-01 04:00:00,11596
2025-06-01 04:00:00,9564
2025-06-01 04:00:00,17690
2025-06-01 04:00:00,3259
2025-06-01 04:00:00,4359
2025-06-01 04:00:00,1518
2025-06-01 04:00:00,20483
2025-06-01 04:00:00,1583
2025-06-01 04:00:00,6
2025-06-01 04:00:00,3435
2025-06-01 04:00:00,10105
2025-06-01 04:00:00,2787
2025-06-01 04:00:00,992
2025-06-01 04:00:00,2778
2025-06-01 04:00:00,2244
2025-06-01 04:00:00,7339
2025-06-01 04:00:00,2662
2025-06-01 04:00:00,1944
2025-06-01 04:00:00,27045
2025-06-01 04:00:00,1246
2025-06-01 04:00:00,11411
2025-06-01 04:00:00,20977
2025-06-01 04:00:00,3657
2025-06-01 04:00:00,2049
2025-06-01 04:00:00,2560
2025-06-01 04:00:00,7977
2025-06-01 04:00:00,1348
2025-06-01 04:00:00,19994
2025-06-01 04:00:00,5024
2025-06-01 04:00:00,2083
2025-06-01 04:00:00,3669
2025-06-01 04:00:00,3047
2025-06-01 04:00:00,1120
2025-06-01 04:00:00,17811
2025-06-01 04:00:00,2808
2025-06-01 04:00:00,234
2025-06-01 04:00:00,4423
2025-06-01 04:00:00,8475
2025-06-01 04:00:00,20890
2025-06-01 04:00:00,2920
2025-06-01 04:00:00,4334
2025-06-01 04:00:00,5118
2025-06-01 04:00:00,3279
2025-06-01 04:00:00,3433
2025-06-01 04:00:00,1119
2025-06-01 04:00:00,1138
2025-06-01 04:00:00,21933
2025-06-01 04:00:00,7463
2025-06-01 04:00:00,727
2025-06-01 04:00:00,4819
2025-06-01 04:00:00,11129
2025-06-01 04:00:00,5027
2025-06-01 04:00:00,20351
2025-06-01 04:00:00,1688
2025-06-01 04:00:00,27045
2025-06-01 04:00:00,1491
2025-06-01 04:00:00,1323
2025-06-01 04:00:00,1277
2025-06-01 04:00:00,564
2025-06-01 04:00:00,27404
2025-06-01 04:00:00,10848
2025-06-01 04:00:00,2787
2025-06-01 04:00:00,2507
2025-06-01 04:00:00,4423
2025-06-01 04:00:00,4389
2025-06-01 04:00:00,1599
2025-06-01 04:00:00,1918
2025-06-01 04:00:00,1272
2025-06-01 04:00:00,18218
2025-06-01 04:00:00,1759
2025-06-01 04:00:00,1569
2025-06-01 04:00:00,12941
2025-06-01 04:00:00,7633
2025-06-01 04:00:00,10781
2025-06-01 04:00:00,4961
2025-06-01 04:00:00,1518
2025-06-01 04:00:00,19338
2025-06-01 04:00:00,2114
2025-06-01 04:00:00,1642
2025-06-01 04:00:00,9336
2025-06-01 04:00:00,11238
2025-06-01 04:00:00,6531
2025-06-01 04:00:00,9717
2025-06-01 04:00:00,1751
2025-06-01 04:00:00,12066
2025-06-01 04:00:00,1369
2025-06-01 04:00:00,1215
2025-06-01 04:00:00,489
2025-06-01 04:00:00,10795
2025-06-01 04:00:00,17658
2025-06-01 04:00:00,5609
2025-06-01 04:00:00,10137
2025-06-01 04:00:00,590
2025-06-01 04:00:00,1480
2025-06-01 04:00:00,7963
2025-06-01 04:00:00,17334
2025-06-01 04:00:00,18969
2025-06-01 04:00:00,13970
2025-06-01 04:00:00,1378
2025-06-01 04:00:00,4783
2025-06-01 04:00:00,9223
2025-06-01 04:00:00,17588
2025-06-01 04:00:00,8006
2025-06-01 04:00:00,11537
2025-06-01 04:00:00,18438
2025-06-01 04:00:00,668
2025-06-01 04:00:00,422
2025-06-01 04:00:00,6574
2025-06-01 04:00:00,2340
2025-06-01 04:00:00,19817
2025-06-01 04:00:00,1064
2025-06-01 04:00:00,2561
2025-06-01 04:00:00,29129
2025-06-01 04:00:00,6446
2025-06-01 04:00:00,3350
2025-06-01 04:00:00,10098
2025-06-01 04:00:00,11906
2025-06-01 04:00:00,6249
2025-06-01 04:00:00,9257
2025-06-01 04:00:00,14638
2025-06-01 04:00:00,21925
2025-06-01 04:00:00,5434
2025-06-01 04:00:00,29101
2025-06-01 04:00:00,1553
2025-06-01 04:00:00,4216
2025-06-01 04:00:00,29221
2025-06-01 04:00:00,12261
2025-06-01 04:00:00,12816
2025-06-01 04:00:00,5487
2025-06-01 04:00:00,3047
2025-06-01 04:00:00,3970
2025-06-01 04:00:00,3246
2025-06-01 04:00:00,19948
2025-06-01 04:00:00,18152
2025-06-01 04:00:00,2097
2025-06-01 04:00:00,11844
2025-06-01 04:00:00,8600
2025-06-01 04:00:00,19289
2025-06-01 04:00:00,17534
2025-06-01 04:00:00,9538
2025-06-01 04:00:00,14970
2025-06-01 04:00:00,14478
2025-06-01 04:00:00,11412
2025-06-01 04:00:00,20656
2025-06-01 04:00:00,14154
2025-06-01 04:00:00,4501
2025-06-01 04:00:00,21121
2025-06-01 04:00:00,8148
2025-06-01 04:00:00,20913
2025-06-01 04:00:00,3505
2025-06-01 04:00:00,11020
2025-06-01 04:00:00,17392
2025-06-01 04:00:00,2294
2025-06-01 04:00:00,8148
2025-06-01 04:00:00,7120
2025-06-01 04:00:00,1829
2025-06-01 04:00:00,3850
2025-06-01 04:00:00,4597
2025-06-01 04:00:00,3493
2025-06-01 04:00:00,18419
2025-06-01 04:00:00,2516
2025-06-01 04:00:00,1242
2025-06-01 04:00:00,2610
2025-06-01 04:00:00,2762
2025-06-01 04:00:00,8412
2025-06-01 04:00:00,3433
2025-06-01 04:00:00,5613
2025-06-01 04:00:00,2065
2025-06-01 04:00:00,5226
2025-06-01 04:00:00,1192
2025-06-01 04:00:00,1560
2025-06-01 04:00:00,2853
2025-06-01 04:00:00,1425
2025-06-01 04:00:00,17465
2025-06-01 04:00:00,1203
2025-06-01 04:00:00,12098
2025-06-01 04:00:00,2853
2025-06-01 04:00:00,21927
2025-06-01 04:00:00,7887
2025-06-01 04:00:00,9043
2025-06-01 04:00:00,1558
2025-06-01 04:00:00,5148
2025-06-01 04:00:00,6729
2025-06-01 04:00:00,276
2025-06-01 04:00:00,27032
2025-06-01 04:00:00,1124
2025-06-01 04:00:00,3152
2025-06-01 04:00:00,782
2025-06-01 04:00:00,2607
2025-06-01 04:00:00,28878
2025-06-01 04:00:00,18374
2025-06-01 04:00:00,20056
2025-06-01 04:00:00,7381
2025-06-01 04:00:00,18170
2025-06-01 04:00:00,14011
2025-06-01 04:00:00,7878
2025-06-01 04:00:00,11034
2025-06-01 04:00:00,627
2025-06-01 04:00:00,5428
2025-06-01 04:00:00,14011
2025-06-01 04:00:00,3873
2025-06-01 04:00:00,577
2025-06-01 04:00:00,630
2025-06-01 04:00:00,5520
2025-06-01 04:00:00,21745
2025-06-01 04:00:00,3475
2025-06-01 04:00:00,6075
2025-06-01 04:00:00,7858
2025-06-01 04:00:00,2971
2025-06-01 04:00:00,13975
2025-06-01 04:00:00,1630
2025-06-01 04:00:00,3539
2025-06-01 04:00:00,3525
2025-06-01 04:00:00,5244
2025-06-01 04:00:00,19437
2025-06-01 04:00:00,29312
2025-06-01 04:00:00,4462
2025-06-01 04:00:00,8252
2025-06-01 04:00:00,18208
2025-06-01 04:00:00,21813
2025-06-01 04:00:00,7299
2025-06-01 04:00:00,2993
2025-06-01 04:00:00,29169
2025-06-01 04:00:00,5304
2025-06-01 04:00:00,15990
2025-06-01 04:00:00,5395
2025-06-01 04:00:00,17749
2025-06-01 04:00:00,657
2025-06-01 04:00:00,451
2025-06-01 04:00:00,2923
2025-06-01 04:00:00,4542
2025-06-01 04:00:00,1361
2025-06-01 04:00:00,1299
2025-06-01 04:00:00,4602
2025-06-01 04:00:00,12446
2025-06-01 04:00:00,12659
2025-06-01 04:00:00,2923
2025-06-01 04:00:00,909
2025-06-01 04:00:00,12282
2025-06-01 04:00:00,12238
2025-06-01 04:00:00,7983
2025-06-01 04:00:00,11968
2025-06-01 04:00:00,19218
2025-06-01 04:00:00,3296
2025-06-01 04:00:00,4459
2025-06-01 04:00:00,9655
2025-06-01 04:00:00,1151
2025-06-01 04:00:00,2384
2025-06-01 04:00:00,19934
2025-06-01 04:00:00,14793
2025-06-01 04:00:00,17522
2025-06-01 04:00:00,6651
2025-06-01 04:00:00,3797
2025-06-01 04:00:00,18713
2025-06-01 04:00:00,9836
2025-06-01 04:00:00,1403
2025-06-01 04:00:00,9208
2025-06-01 04:00:00,8202
2025-06-01 04:00:00,2408
2025-06-01 04:00:00,21308
2025-06-01 04:00:00,1268
2025-06-01 04:00:00,29335
2025-06-01 04:00:00,7837
2025-06-01 04:00:00,4705
2025-06-01 04:00:00,28836
2025-06-01 04:00:00,2577
2025-06-01 04:00:00,3561
2025-06-01 05:00:00,18158
2025-06-01 05:00:00,13273
2025-06-01 05:00:00,10119
2025-06-01 05:00:00,19415
2025-06-01 05:00:00,13540
2025-06-01 05:00:00,5323
2025-06-01 05:00:00,4133
2025-06-01 05:00:00,2280
2025-06-01 05:00:00,3816
2025-06-01 05:00:00,314
2025-06-01 05:00:00,1941
2025-06-01 05:00:00,4651
2025-06-01 05:00:00,5023
2025-06-01 05:00:00,10755
2025-06-01 05:00:00,11163
2025-06-01 05:00:00,11061
2025-06-01 05:00:00,3851
2025-06-01 05:00:00,13006
2025-06-01 05:00:00,20753
2025-06-01 05:00:00,5295
2025-06-01 05:00:00,4348
2025-06-01 05:00:00,874
2025-06-01 05:00:00,1694
2025-06-01 05:00:00,5350
2025-06-01 05:00:00,18599
2025-06-01 05:00:00,1392
2025-06-01 05:00:00,1596
2025-06-01 05:00:00,9655
2025-06-01 05:00:00,7885
2025-06-01 05:00:00,27040
2025-06-01 05:00:00,1129
2025-06-01 05:00:00,5953
2025-06-01 05:00:00,5807
2025-06-01 05:00:00,1159
2025-06-01 05:00:00,1627
2025-06-01 05:00:00,2484
2025-06-01 05:00:00,760
2025-06-01 05:00:00,372
2025-06-01 05:00:00,13205
2025-06-01 05:00:00,28607
2025-06-01 05:00:00,13195
2025-06-01 05:00:00,2737
2025-06-01 05:00:00,6220
2025-06-01 05:00:00,3783
2025-06-01 05:00:00,3834
2025-06-01 05:00:00,14011
2025-06-01 05:00:00,18052
2025-06-01 05:00:00,9888
2025-06-01 05:00:00,1093
2025-06-01 05:00:00,3844
2025-06-01 05:00:00,2400
2025-06-01 05:00:00,10137
2025-06-01 05:00:00,10609
2025-06-01 05:00:00,2632
2025-06-01 05:00:00,5766
2025-06-01 05:00:00,27092
2025-06-01 05:00:00,1059
2025-06-01 05:00:00,9674
2025-06-01 05:00:00,985
2025-06-01 05:00:00,3073
2025-06-01 05:00:00,11114
2025-06-01 05:00:00,8295
2025-06-01 05:00:00,12713
2025-06-01 05:00:00,5485
2025-06-01 05:00:00,28608
2025-06-01 05:00:00,5399
2025-06-01 05:00:00,5944
2025-06-01 05:00:00,1726
2025-06-01 05:00:00,28590
2025-06-01 05:00:00,4384
2025-06-01 05:00:00,27437
2025-06-01 05:00:00,2022
2025-06-01 05:00:00,9266
2025-06-01 05:00:00,1527
2025-06-01 05:00:00,29324
2025-06-01 05:00:00,28594
2025-06-01 05:00:00,2598
2025-06-01 05:00:00,13171
2025-06-01 05:00:00,21672
2025-06-01 05:00:00,1365
2025-06-01 05:00:00,1104
2025-06-01 05:00:00,1431
2025-06-01 05:00:00,9934
2025-06-01 05:00:00,18782
2025-06-01 05:00:00,2762
2025-06-01 05:00:00,10050
2025-06-01 05:00:00,9632
2025-06-01 05:00:00,12862
2025-06-01 05:00:00,1235
2025-06-01 05:00:00,17408
2025-06-01 05:00:00,7542
2025-06-01 05:00:00,5304
2025-06-01 05:00:00,7917
2025-06-01 05:00:00,5927
2025-06-01 05:00:00,7991
2025-06-01 05:00:00,9780
2025-06-01 05:00:00,6814
2025-06-01 05:00:00,12812
2025-06-01 05:00:00,7865
2025-06-01 05:00:00,12206
2025-06-01 05:00:00,6781
2025-06-01 05:00:00,19250
2025-06-01 05:00:00,19432
2025-06-01 05:00:00,1037
2025-06-01 05:00:00,29257
2025-06-01 05:00:00,29338
2025-06-01 05:00:00,5710
2025-06-01 05:00:00,2795
2025-06-01 05:00:00,10693
2025-06-01 05:00:00,9632
2025-06-01 05:00:00,3119
2025-06-01 05:00:00,3726
2025-06-01 05:00:00,5485
2025-06-01 05:00:00,488
2025-06-01 05:00:00,21777
2025-06-01 05:00:00,11442
2025-06-01 05:00:00,2446
2025-06-01 05:00:00,4575
2025-06-01 05:00:00,17319
2025-06-01 05:00:00,7544
2025-06-01 05:00:00,496
2025-06-01 05:00:00,18181
2025-06-01 05:00:00,12185
2025-06-01 05:00:00,13482
2025-06-01 05:00:00,2172
2025-06-01 05:00:00,13145
2025-06-01 05:00:00,6310
2025-06-01 05:00:00,3591
2025-06-01 05:00:00,18654
2025-06-01 05:00:00,10139
2025-06-01 05:00:00,29338
2025-06-01 05:00:00,1286
2025-06-01 05:00:00,7662
2025-06-01 05:00:00,1755
2025-06-01 05:00:00,9703
2025-06-01 05:00:00,1448
2025-06-01 05:00:00,5225
2025-06-01 05:00:00,7540
2025-06-01 05:00:00,2075
2025-06-01 05:00:00,9511
2025-06-01 05:00:00,5506
2025-06-01 05:00:00,2993
2025-06-01 05:00:00,2158
2025-06-01 05:00:00,20207
2025-06-01 05:00:00,10553
2025-06-01 05:00:00,5766
2025-06-01 05:00:00,7448
2025-06-01 05:00:00,10965
2025-06-01 05:00:00,90
2025-06-01 05:00:00,18358
2025-06-01 05:00:00,804
2025-06-01 05:00:00,2096
2025-06-01 05:00:00,7453
2025-06-01 05:00:00,1031
2025-06-01 05:00:00,9689
2025-06-01 05:00:00,6201
2025-06-01 05:00:00,5492
2025-06-01 05:00:00,3412
2025-06-01 05:00:00,19606
2025-06-01 05:00:00,19372
2025-06-01 05:00:00,774
2025-06-01 05:00:00,27451
2025-06-01 05:00:00,5028
2025-06-01 05:00:00,6162
2025-06-01 05:00:00,9791
2025-06-01 05:00:00,10967
2025-06-01 05:00:00,516
2025-06-01 05:00:00,3762
2025-06-01 05:00:00,14012
2025-06-01 05:00:00,2051
2025-06-01 05:00:00,18413
2025-06-01 05:00:00,1290
2025-06-01 05:00:00,1275
2025-06-01 05:00:00,169
2025-06-01 05:00:00,4268
2025-06-01 05:00:00,1278
2025-06-01 05:00:00,13463
2025-06-01 05:00:00,3475
2025-06-01 05:00:00,18136
2025-06-01 05:00:00,10922
2025-06-01 05:00:00,3768
2025-06-01 05:00:00,1696
2025-06-01 05:00:00,12966
2025-06-01 05:00:00,1217
2025-06-01 05:00:00,5576
2025-06-01 05:00:00,1640
2025-06-01 05:00:00,9875
2025-06-01 05:00:00,7915
2025-06-01 05:00:00,19109
2025-06-01 05:00:00,20386
2025-06-01 05:00:00,4500
2025-06-01 05:00:00,5827
2025-06-01 05:00:00,4817
2025-06-01 05:00:00,9529
2025-06-01 05:00:00,1296
2025-06-01 05:00:00,13970
2025-06-01 05:00:00,29272
2025-06-01 05:00:00,5217
2025-06-01 05:00:00,1948
2025-06-01 05:00:00,3972
2025-06-01 05:00:00,3238
2025-06-01 05:00:00,4021
2025-06-01 05:00:00,5357
2025-06-01 05:00:00,12859
2025-06-01 05:00:00,1046
2025-06-01 05:00:00,4647
2025-06-01 05:00:00,20043
2025-06-01 05:00:00,12389
2025-06-01 05:00:00,13168
2025-06-01 05:00:00,2754
2025-06-01 05:00:00,18859
2025-06-01 05:00:00,4091
2025-06-01 05:00:00,21973
2025-06-01 05:00:00,7360
2025-06-01 05:00:00,3781
2025-06-01 05:00:00,182
2025-06-01 05:00:00,5372
2025-06-01 05:00:00,17396
2025-06-01 05:00:00,10979
2025-06-01 05:00:00,1640
2025-06-01 05:00:00,17673
2025-06-01 05:00:00,9272
2025-06-01 05:00:00,9799
2025-06-01 05:00:00,19610
2025-06-01 05:00:00,7172
2025-06-01 05:00:00,27042
2025-06-01 05:00:00,5327
2025-06-01 05:00:00,1337
2025-06-01 05:00:00,19109
2025-06-01 05:00:00,4904
2025-06-01 05:00:00,3124
2025-06-01 05:00:00,846
2025-06-01 05:00:00,21923
2025-06-01 05:00:00,6211
2025-06-01 05:00:00,5703
2025-06-01 05:00:00,3726
2025-06-01 05:00:00,64
2025-06-01 05:00:00,2157
2025-06-01 05:00:00,4222
2025-06-01 05:00:00,2392
2025-06-01 05:00:00,10694
2025-06-01 05:00:00,6181
2025-06-01 05:00:00,9596
2025-06-01 05:00:00,29321
2025-06-01 05:00:00,2850
2025-06-01 05:00:00,17593
2025-06-01 05:00:00,5038
2025-06-01 05:00:00,10002
2025-06-01 05:00:00,3075
2025-06-01 05:00:00,5302
2025-06-01 05:00:00,1296
2025-06-01 05:00:00,10505
2025-06-01 05:00:00,7844
2025-06-01 05:00:00,9505
2025-06-01 05:00:00,28871
2025-06-01 05:00:00,460
2025-06-01 05:00:00,234
2025-06-01 05:00:00,3642
2025-06-01 05:00:00,11501
2025-06-01 05:00:00,4197
2025-06-01 05:00:00,1728
2025-06-01 05:00:00,1268
2025-06-01 05:00:00,1013
2025-06-01 05:00:00,20999
2025-06-01 05:00:00,13133
2025-06-01 05:00:00,7360
2025-06-01 05:00:00,1662
2025-06-01 05:00:00,2401
2025-06-01 05:00:00,4550
2025-06-01 05:00:00,10013
2025-06-01 05:00:00,6389
2025-06-01 05:00:00,27093
2025-06-01 05:00:00,592
2025-06-01 05:00:00,2141
2025-06-01 05:00:00,3264
2025-06-01 05:00:00,4917
2025-06-01 05:00:00,4631
2025-06-01 05:00:00,604
2025-06-01 05:00:00,2078
2025-06-01 05:00:00,5138
2025-06-01 05:00:00,7083
2025-06-01 05:00:00,2846
2025-06-01 05:00:00,7880
2025-06-01 05:00:00,11416
2025-06-01 05:00:00,20586
2025-06-01 05:00:00,8302
2025-06-01 05:00:00,29299
2025-06-01 05:00:00,18602
2025-06-01 05:00:00,19185
2025-06-01 05:00:00,2587
2025-06-01 05:00:00,7330
2025-06-01 05:00:00,9422
2025-06-01 05:00:00,10011
2025-06-01 05:00:00,4204
2025-06-01 05:00:00,19002
2025-06-01 05:00:00,27036
2025-06-01 05:00:00,28608
2025-06-01 05:00:00,10899
2025-06-01 05:00:00,6321
2025-06-01 05:00:00,12357
2025-06-01 05:00:00,19240
2025-06-01 05:00:00,1117
2025-06-01 05:00:00,1059
2025-06-01 05:00:00,5775
2025-06-01 05:00:00,565
2025-06-01 05:00:00,17385
2025-06-01 05:00:00,5183
2025-06-01 05:00:00,4253
2025-06-01 05:00:00,6380
2025-06-01 05:00:00,20365
2025-06-01 05:00:00,7345
2025-06-01 05:00:00,5353
2025-06-01 05:00:00,3966
2025-06-01 05:00:00,14833
2025-06-01 05:00:00,18356
2025-06-01 05:00:00,154
2025-06-01 05:00:00,20685
2025-06-01 05:00:00,2248
2025-06-01 05:00:00,1342
2025-06-01 05:00:00,17949
2025-06-01 05:00:00,5459
2025-06-01 05:00:00,13091
2025-06-01 05:00:00,1150
2025-06-01 05:00:00,9420
2025-06-01 05:00:00,8598
2025-06-01 05:00:00,461
2025-06-01 05:00:00,1449
2025-06-01 05:00:00,7807
2025-06-01 05:00:00,29274
2025-06-01 05:00:00,4904
2025-06-01 05:00:00,8182
2025-06-01 05:00:00,22242
2025-06-01 05:00:00,14500
2025-06-01 05:00:00,18051
2025-06-01 05:00:00,18296
2025-06-01 05:00:00,8628
2025-06-01 05:00:00,27408
2025-06-01 05:00:00,17841
2025-06-01 05:00:00,1086
2025-06-01 05:00:00,1381
2025-06-01 05:00:00,3031
2025-06-01 05:00:00,4850
2025-06-01 05:00:00,9635
2025-06-01 05:00:00,4436
2025-06-01 05:00:00,10562
2025-06-01 05:00:00,1178
2025-06-01 05:00:00,3058
2025-06-01 05:00:00,8471
2025-06-01 05:00:00,619
2025-06-01 05:00:00,11934
2025-06-01 05:00:00,7745
2025-06-01 05:00:00,10352
2025-06-01 05:00:00,4302
2025-06-01 05:00:00,6169
2025-06-01 05:00:00,6690
2025-06-01 05:00:00,3650
2025-06-01 05:00:00,2009
2025-06-01 05:00:00,17430
2025-06-01 05:00:00,14731
2025-06-01 05:00:00,11426
2025-06-01 05:00:00,925
2025-06-01 05:00:00,3258
2025-06-01 05:00:00,27451
2025-06-01 05:00:00,9977
2025-06-01 05:00:00,6195
2025-06-01 05:00:00,902
2025-06-01 05:00:00,12281
2025-06-01 05:00:00,6259
2025-06-01 05:00:00,3292
2025-06-01 05:00:00,19437
2025-06-01 05:00:00,13505
2025-06-01 05:00:00,29101
2025-06-01 05:00:00,5323
2025-06-01 05:00:00,3246
2025-06-01 05:00:00,5465
2025-06-01 05:00:00,8289
2025-06-01 05:00:00,10050
2025-06-01 05:00:00,5354
2025-06-01 05:00:00,1527
2025-06-01 05:00:00,20605
2025-06-01 05:00:00,7158
2025-06-01 05:00:00,4354
2025-06-01 05:00:00,1274
2025-06-01 05:00:00,4723
2025-06-01 05:00:00,1533
2025-06-01 05:00:00,14744
2025-06-01 05:00:00,27447
2025-06-01 05:00:00,21445
2025-06-01 05:00:00,2919
2025-06-01 05:00:00,3508
2025-06-01 05:00:00,1141
2025-06-01 05:00:00,6573
2025-06-01 05:00:00,12067
2025-06-01 05:00:00,2108
2025-06-01 05:00:00,7917
2025-06-01 05:00:00,9489
2025-06-01 05:00:00,4868
2025-06-01 05:00:00,18818
2025-06-01 05:00:00,12809
2025-06-01 05:00:00,12153
2025-06-01 05:00:00,7554
2025-06-01 05:00:00,13562
2025-06-01 05:00:00,4524
2025-06-01 05:00:00,841
2025-06-01 05:00:00,5520
2025-06-01 05:00:00,3242
2025-06-01 05:00:00,6127
2025-06-01 05:00:00,9610
2025-06-01 06:00:00,723
2025-06-01 06:00:00,10476
2025-06-01 06:00:00,3733
2025-06-01 06:00:00,1622
2025-06-01 06:00:00,431
2025-06-01 06:00:00,17750
2025-06-01 06:00:00,7491
2025-06-01 06:00:00,7691
2025-06-01 06:00:00,4941
2025-06-01 06:00:00,3246
2025-06-01 06:00:00,9848
2025-06-01 06:00:00,12363
2025-06-01 06:00:00,1215
2025-06-01 06:00:00,10693
2025-06-01 06:00:00,5972
2025-06-01 06:00:00,1151
2025-06-01 06:00:00,1140
2025-06-01 06:00:00,8211
2025-06-01 06:00:00,21375
2025-06-01 06:00:00,760
2025-06-01 06:00:00,1462
2025-06-01 06:00:00,4996
2025-06-01 06:00:00,17531
2025-06-01 06:00:00,973
2025-06-01 06:00:00,10808
2025-06-01 06:00:00,1331
2025-06-01 06:00:00,2117
2025-06-01 06:00:00,2691
2025-06-01 06:00:00,1850
2025-06-01 06:00:00,10323
2025-06-01 06:00:00,27495
2025-06-01 06:00:00,11812
2025-06-01 06:00:00,98
2025-06-01 06:00:00,1557
2025-06-01 06:00:00,5710
2025-06-01 06:00:00,6518
2025-06-01 06:00:00,1696
2025-06-01 06:00:00,1483
2025-06-01 06:00:00,3762
2025-06-01 06:00:00,8944
2025-06-01 06:00:00,2631
2025-06-01 06:00:00,937
2025-06-01 06:00:00,29221
2025-06-01 06:00:00,20606
2025-06-01 06:00:00,5775
2025-06-01 06:00:00,9901
2025-06-01 06:00:00,12030
2025-06-01 06:00:00,8270
2025-06-01 06:00:00,3292
2025-06-01 06:00:00,2853
2025-06-01 06:00:00,3758
2025-06-01 06:00:00,2457
2025-06-01 06:00:00,1865
2025-06-01 06:00:00,5554
2025-06-01 06:00:00,18461
2025-06-01 06:00:00,9266
2025-06-01 06:00:00,2023
2025-06-01 06:00:00,565
2025-06-01 06:00:00,12395
2025-06-01 06:00:00,8062
2025-06-01 06:00:00,17585
2025-06-01 06:00:00,5485
2025-06-01 06:00:00,24622
2025-06-01 06:00:00,568
2025-06-01 06:00:00,8302
2025-06-01 06:00:00,5003
2025-06-01 06:00:00,2962
2025-06-01 06:00:00,20661
2025-06-01 06:00:00,21009
2025-06-01 06:00:00,2678
2025-06-01 06:00:00,918
2025-06-01 06:00:00,12153
2025-06-01 06:00:00,3416
2025-06-01 06:00:00,23796
2025-06-01 06:00:00,10132
2025-06-01 06:00:00,11789
2025-06-01 06:00:00,630
2025-06-01 06:00:00,7882
2025-06-01 06:00:00,13056
2025-06-01 06:00:00,4917
2025-06-01 06:00:00,5500
2025-06-01 06:00:00,10723
2025-06-01 06:00:00,10786
2025-06-01 06:00:00,7947
2025-06-01 06:00:00,5258
2025-06-01 06:00:00,1200
2025-06-01 06:00:00,1421
2025-06-01 06:00:00,27407
2025-06-01 06:00:00,7642
2025-06-01 06:00:00,1388
2025-06-01 06:00:00,20093
2025-06-01 06:00:00,12266
2025-06-01 06:00:00,7537
2025-06-01 06:00:00,6225
2025-06-01 06:00:00,3037
2025-06-01 06:00:00,6801
2025-06-01 06:00:00,98
2025-06-01 06:00:00,10160
2025-06-01 06:00:00,10723
2025-06-01 06:00:00,2423
2025-06-01 06:00:00,1074
2025-06-01 06:00:00,9534
2025-06-01 06:00:00,10045
2025-06-01 06:00:00,5427
2025-06-01 06:00:00,19029
2025-06-01 06:00:00,3629
2025-06-01 06:00:00,12003
2025-06-01 06:00:00,4587
2025-06-01 06:00:00,6055
2025-06-01 06:00:00,440
2025-06-01 06:00:00,2890
2025-06-01 06:00:00,630
2025-06-01 06:00:00,5241
2025-06-01 06:00:00,1518
2025-06-01 06:00:00,4462
2025-06-01 06:00:00,7894
2025-06-01 06:00:00,12162
2025-06-01 06:00:00,8211
2025-06-01 06:00:00,8101
2025-06-01 06:00:00,2891
2025-06-01 06:00:00,7077
2025-06-01 06:00:00,7741
2025-06-01 06:00:00,1596
2025-06-01 06:00:00,5472
2025-06-01 06:00:00,7592
2025-06-01 06:00:00,16529
2025-06-01 06:00:00,1949
2025-06-01 06:00:00,18534
2025-06-01 06:00:00,5355
2025-06-01 06:00:00,18623
2025-06-01 06:00:00,2778
2025-06-01 06:00:00,4723
2025-06-01 06:00:00,736
2025-06-01 06:00:00,2691
2025-06-01 06:00:00,3525
2025-06-01 06:00:00,942
2025-06-01 06:00:00,20718
2025-06-01 06:00:00,1778
2025-06-01 06:00:00,6488
2025-06-01 06:00:00,5119
2025-06-01 06:00:00,4542
2025-06-01 06:00:00,9553
2025-06-01 06:00:00,4835
2025-06-01 06:00:00,5479
2025-06-01 06:00:00,18588
2025-06-01 06:00:00,10305
2025-06-01 06:00:00,774
2025-06-01 06:00:00,13712
2025-06-01 06:00:00,12258
2025-06-01 06:00:00,4885
2025-06-01 06:00:00,2073
2025-06-01 06:00:00,7440
2025-06-01 06:00:00,18416
2025-06-01 06:00:00,18545
2025-06-01 06:00:00,5315
2025-06-01 06:00:00,4984
2025-06-01 06:00:00,3246
2025-06-01 06:00:00,6518
2025-06-01 06:00:00,29321
2025-06-01 06:00:00,4254
2025-06-01 06:00:00,5311
2025-06-01 06:00:00,7386
2025-06-01 06:00:00,4686
2025-06-01 06:00:00,9181
2025-06-01 06:00:00,11169
2025-06-01 06:00:00,460
2025-06-01 06:00:00,11471
2025-06-01 06:00:00,1173
2025-06-01 06:00:00,630
2025-06-01 06:00:00,962
2025-06-01 06:00:00,6181
2025-06-01 06:00:00,2014
2025-06-01 06:00:00,12862
2025-06-01 06:00:00,2560
2025-06-01 06:00:00,10970
2025-06-01 06:00:00,1755
2025-06-01 06:00:00,8875
2025-06-01 06:00:00,1712
2025-06-01 06:00:00,428
2025-06-01 06:00:00,18755
2025-06-01 06:00:00,10047
2025-06-01 06:00:00,7105
2025-06-01 06:00:00,9124
2025-06-01 06:00:00,1882
2025-06-01 06:00:00,1349
2025-06-01 06:00:00,10936
2025-06-01 06:00:00,5323
2025-06-01 06:00:00,7761
2025-06-01 06:00:00,13122
2025-06-01 06:00:00,4599
2025-06-01 06:00:00,20696
2025-06-01 06:00:00,8592
2025-06-01 06:00:00,2897
2025-06-01 06:00:00,1518
2025-06-01 06:00:00,1158
2025-06-01 06:00:00,4462
2025-06-01 06:00:00,17744
2025-06-01 06:00:00,19728
2025-06-01 06:00:00,12190
2025-06-01 06:00:00,4354
2025-06-01 06:00:00,4329
2025-06-01 06:00:00,18951
2025-06-01 06:00:00,19278
2025-06-01 06:00:00,9326
2025-06-01 06:00:00,2676
2025-06-01 06:00:00,6478
2025-06-01 06:00:00,5142
2025-06-01 06:00:00,3183
2025-06-01 06:00:00,942
2025-06-01 06:00:00,5485
2025-06-01 06:00:00,7381
2025-06-01 06:00:00,1862
2025-06-01 06:00:00,3064
2025-06-01 06:00:00,17474
2025-06-01 06:00:00,4864
2025-06-01 06:00:00,17673
2025-06-01 06:00:00,996
2025-06-01 06:00:00,387
2025-06-01 06:00:00,3292
2025-06-01 06:00:00,19354
2025-06-01 06:00:00,3267
2025-06-01 06:00:00,7601
2025-06-01 06:00:00,9433
2025-06-01 06:00:00,3982
2025-06-01 06:00:00,4833
2025-06-01 06:00:00,7627
2025-06-01 06:00:00,29188
2025-06-01 06:00:00,3421
2025-06-01 06:00:00,3658
2025-06-01 06:00:00,1630
2025-06-01 06:00:00,26995
2025-06-01 06:00:00,20384
2025-06-01 06:00:00,6473
2025-06-01 06:00:00,1534
2025-06-01 06:00:00,10360
2025-06-01 06:00:00,3106
2025-06-01 06:00:00,13979
2025-06-01 06:00:00,566
2025-06-01 06:00:00,5042
2025-06-01 06:00:00,27044
2025-06-01 06:00:00,6801
2025-06-01 06:00:00,14447
2025-06-01 06:00:00,4729
2025-06-01 06:00:00,4423
2025-06-01 06:00:00,12258
2025-06-01 06:00:00,7330
2025-06-01 06:00:00,10984
2025-06-01 06:00:00,29208
2025-06-01 06:00:00,8224
2025-06-01 06:00:00,2585
2025-06-01 06:00:00,11060
2025-06-01 06:00:00,11118
2025-06-01 06:00:00,1556
2025-06-01 06:00:00,11109
2025-06-01 06:00:00,17759
2025-06-01 06:00:00,27039
2025-06-01 06:00:00,16719
2025-06-01 06:00:00,5936
2025-06-01 06:00:00,9461
2025-06-01 07:00:00,4429
2025-06-01 07:00:00,2549
2025-06-01 07:00:00,11315
2025-06-01 07:00:00,8148
2025-06-01 07:00:00,14992
2025-06-01 07:00:00,1360
2025-06-01 07:00:00,7917
2025-06-01 07:00:00,4500
2025-06-01 07:00:00,7172
2025-06-01 07:00:00,1298
2025-06-01 07:00:00,4654
2025-06-01 07:00:00,7906
2025-06-01 07:00:00,10922
2025-06-01 07:00:00,10765
2025-06-01 07:00:00,3483
2025-06-01 07:00:00,20123
2025-06-01 07:00:00,13248
2025-06-01 07:00:00,19531
2025-06-01 07:00:00,1159
2025-06-01 07:00:00,18567
2025-06-01 07:00:00,10433
2025-06-01 07:00:00,6483
2025-06-01 07:00:00,27491
2025-06-01 07:00:00,533
2025-06-01 07:00:00,1215
2025-06-01 07:00:00,6411
2025-06-01 07:00:00,8610
2025-06-01 07:00:00,4890
2025-06-01 07:00:00,18195
2025-06-01 07:00:00,664
2025-06-01 07:00:00,15999
2025-06-01 07:00:00,1932
2025-06-01 07:00:00,19210
2025-06-01 07:00:00,10765
2025-06-01 07:00:00,3025
2025-06-01 07:00:00,3642
2025-06-01 07:00:00,18726
2025-06-01 07:00:00,9992
2025-06-01 07:00:00,3917
2025-06-01 07:00:00,10213
2025-06-01 07:00:00,5483
2025-06-01 07:00:00,8869
2025-06-01 07:00:00,7491
2025-06-01 07:00:00,21288
2025-06-01 07:00:00,3854
2025-06-01 07:00:00,28594
2025-06-01 07:00:00,3867
2025-06-01 07:00:00,20407
2025-06-01 07:00:00,5295
2025-06-01 07:00:00,1485
2025-06-01 07:00:00,3723
2025-06-01 07:00:00,5241
2025-06-01 07:00:00,22061
2025-06-01 07:00:00,1054
2025-06-01 07:00:00,10966
2025-06-01 07:00:00,8002
2025-06-01 07:00:00,8356
2025-06-01 07:00:00,4484
2025-06-01 07:00:00,18013
2025-06-01 07:00:00,29354
2025-06-01 07:00:00,2182
2025-06-01 07:00:00,1502
2025-06-01 07:00:00,27293
2025-06-01 07:00:00,19340
2025-06-01 07:00:00,1272
2025-06-01 07:00:00,12256
2025-06-01 07:00:00,27518
2025-06-01 07:00:00,11
2025-06-01 07:00:00,4591
2025-06-01 07:00:00,11968
2025-06-01 07:00:00,3420
2025-06-01 07:00:00,17447
2025-06-01 07:00:00,8527
2025-06-01 07:00:00,6544
2025-06-01 07:00:00,7546
2025-06-01 07:00:00,10579
2025-06-01 07:00:00,917
2025-06-01 07:00:00,13166
2025-06-01 07:00:00,14543
2025-06-01 07:00:00,1726
2025-06-01 07:00:00,9278
2025-06-01 07:00:00,7617
2025-06-01 07:00:00,12969
2025-06-01 07:00:00,2142
2025-06-01 07:00:00,19307
2025-06-01 07:00:00,19548
2025-06-01 07:00:00,8403
2025-06-01 07:00:00,4656
2025-06-01 07:00:00,3834
2025-06-01 07:00:00,28592
2025-06-01 07:00:00,10984
2025-06-01 07:00:00,7254
2025-06-01 07:00:00,6135
2025-06-01 07:00:00,1057
2025-06-01 07:00:00,3783
2025-06-01 07:00:00,2954
2025-06-01 07:00:00,27035
2025-06-01 07:00:00,2340
2025-06-01 07:00:00,1177
2025-06-01 07:00:00,18707
2025-06-01 07:00:00,7111
2025-06-01 07:00:00,1592
2025-06-01 07:00:00,17347
2025-06-01 07:00:00,8356
2025-06-01 07:00:00,562
2025-06-01 07:00:00,6509
2025-06-01 07:00:00,8335
2025-06-01 07:00:00,7848
2025-06-01 07:00:00,14011
2025-06-01 07:00:00,19867
2025-06-01 07:00:00,468
2025-06-01 07:00:00,2329
2025-06-01 07:00:00,19509
2025-06-01 07:00:00,6099
2025-06-01 07:00:00,18359
2025-06-01 07:00:00,3617
2025-06-01 07:00:00,1120
2025-06-01 07:00:00,19677
2025-06-01 07:00:00,1375
2025-06-01 07:00:00,496
2025-06-01 07:00:00,1406
2025-06-01 07:00:00,9553
2025-06-01 07:00:00,7263
2025-06-01 07:00:00,29334
2025-06-01 07:00:00,19680
2025-06-01 07:00:00,8915
2025-06-01 07:00:00,12543
2025-06-01 07:00:00,29240
2025-06-01 07:00:00,2384
2025-06-01 07:00:00,6801
2025-06-01 07:00:00,5775
2025-06-01 07:00:00,7299
2025-06-01 07:00:00,11341
2025-06-01 07:00:00,4462
2025-06-01 07:00:00,19755
2025-06-01 07:00:00,1470
2025-06-01 07:00:00,1319
2025-06-01 07:00:00,5363
2025-06-01 07:00:00,20619
2025-06-01 07:00:00,13972
2025-06-01 07:00:00,6855
2025-06-01 07:00:00,17388
2025-06-01 07:00:00,5469
2025-06-01 07:00:00,1505
2025-06-01 07:00:00,839
2025-06-01 07:00:00,4506
2025-06-01 07:00:00,9559
2025-06-01 07:00:00,12279
2025-06-01 07:00:00,17986
2025-06-01 07:00:00,9335
2025-06-01 07:00:00,12212
2025-06-01 07:00:00,1994
2025-06-01 07:00:00,9017
2025-06-01 07:00:00,4588
2025-06-01 07:00:00,227
2025-06-01 07:00:00,18158
2025-06-01 07:00:00,5590
2025-06-01 07:00:00,1300
2025-06-01 07:00:00,4443
2025-06-01 07:00:00,10746
2025-06-01 07:00:00,17877
2025-06-01 07:00:00,6389
2025-06-01 07:00:00,5062
2025-06-01 07:00:00,3617
2025-06-01 07:00:00,18027
2025-06-01 07:00:00,10088
2025-06-01 07:00:00,17690
2025-06-01 07:00:00,19994
2025-06-01 07:00:00,6584
2025-06-01 07:00:00,5817
2025-06-01 07:00:00,760
2025-06-01 07:00:00,1278
2025-06-01 07:00:00,20621
2025-06-01 07:00:00,6584
2025-06-01 07:00:00,637
2025-06-01 07:00:00,7448
2025-06-01 07:00:00,9655
2025-06-01 07:00:00,7886
2025-06-01 07:00:00,17445
2025-06-01 07:00:00,3805
2025-06-01 07:00:00,9638
2025-06-01 07:00:00,1514
2025-06-01 07:00:00,18903
2025-06-01 07:00:00,2631
2025-06-01 07:00:00,17759
2025-06-01 07:00:00,4098
2025-06-01 07:00:00,1385
2025-06-01 07:00:00,3615
2025-06-01 07:00:00,17341
2025-06-01 07:00:00,3905
2025-06-01 07:00:00,804
2025-06-01 07:00:00,20739
2025-06-01 07:00:00,27106
2025-06-01 07:00:00,5022
2025-06-01 07:00:00,2340
2025-06-01 07:00:00,11789
2025-06-01 07:00:00,802
2025-06-01 07:00:00,9635
2025-06-01 07:00:00,9691
2025-06-01 07:00:00,9804
2025-06-01 07:00:00,2491
2025-06-01 07:00:00,2206
2025-06-01 07:00:00,17649
2025-06-01 07:00:00,11666
2025-06-01 07:00:00,4973
2025-06-01 07:00:00,2610
2025-06-01 07:00:00,4204
2025-06-01 07:00:00,2338
2025-06-01 07:00:00,20980
2025-06-01 07:00:00,1102
2025-06-01 07:00:00,19082
2025-06-01 07:00:00,64
2025-06-01 07:00:00,20574
2025-06-01 07:00:00,3805
2025-06-01 07:00:00,7921
2025-06-01 07:00:00,3596
2025-06-01 07:00:00,9420
2025-06-01 07:00:00,456
2025-06-01 07:00:00,13974
2025-06-01 07:00:00,6309
